{"cameraMode":{"drawMode":0,"name":"Shaded","section":"Shading Mode"},"sceneLighting":false,"audioPlay":false,"sceneViewState":{"showFog":true,"showMaterialUpdate":false,"showSkybox":true,"showFlares":true,"showImageEffects":true,"showParticleSystems":true},"in2DMode":false,"pivot":{"x":-327.8029479980469,"y":-28.09539794921875,"z":-112.50373077392578},"rotation":{"x":0.028341200202703477,"y":-0.8187028169631958,"z":0.04055893048644066,"w":0.5720827579498291},"size":366.671875,"orthographic":false}