{"cameraMode":{"drawMode":0,"name":"Shaded","section":"Shading Mode"},"sceneLighting":true,"audioPlay":false,"sceneViewState":{"showFog":true,"showMaterialUpdate":false,"showSkybox":true,"showFlares":true,"showImageEffects":true,"showParticleSystems":true},"in2DMode":false,"pivot":{"x":4.628734111785889,"y":2.3307864665985109,"z":6.930579662322998},"rotation":{"x":0.06408505141735077,"y":-0.9355244636535645,"z":0.2313196361064911,"w":0.25921496748924258},"size":3.3534696102142336,"orthographic":false}