{"cameraMode":{"drawMode":0,"name":"Shaded","section":"Shading Mode"},"sceneLighting":true,"audioPlay":false,"sceneViewState":{"showFog":true,"showMaterialUpdate":false,"showSkybox":true,"showFlares":true,"showImageEffects":true,"showParticleSystems":true},"in2DMode":false,"pivot":{"x":-7.1659440994262699,"y":-6.745481491088867,"z":-3.927680492401123},"rotation":{"x":-0.1005733460187912,"y":0.8942320942878723,"z":-0.25327157974243166,"w":-0.35509541630744936},"size":14.749725341796875,"orthographic":false}